image_id,scene_id,label,lighting,split
test_public/bad/000_overexposed,bad/000,1,overexposed,dev
test_public/bad/000_regular,bad/000,1,regular,dev
test_public/bad/000_shift_1,bad/000,1,shift_1,dev
test_public/bad/000_shift_2,bad/000,1,shift_2,dev
test_public/bad/000_shift_3,bad/000,1,shift_3,dev
test_public/bad/000_underexposed,bad/000,1,underexposed,dev
test_public/bad/001_overexposed,bad/001,1,overexposed,lock
test_public/bad/001_regular,bad/001,1,regular,lock
test_public/bad/001_shift_1,bad/001,1,shift_1,lock
test_public/bad/001_shift_2,bad/001,1,shift_2,lock
test_public/bad/001_shift_3,bad/001,1,shift_3,lock
test_public/bad/001_underexposed,bad/001,1,underexposed,lock
test_public/bad/002_overexposed,bad/002,1,overexposed,dev
test_public/bad/002_regular,bad/002,1,regular,dev
test_public/bad/002_shift_1,bad/002,1,shift_1,dev
test_public/bad/002_shift_2,bad/002,1,shift_2,dev
test_public/bad/002_shift_3,bad/002,1,shift_3,dev
test_public/bad/002_underexposed,bad/002,1,underexposed,dev
test_public/bad/003_overexposed,bad/003,1,overexposed,dev
test_public/bad/003_regular,bad/003,1,regular,dev
test_public/bad/003_shift_1,bad/003,1,shift_1,dev
test_public/bad/003_shift_2,bad/003,1,shift_2,dev
test_public/bad/003_shift_3,bad/003,1,shift_3,dev
test_public/bad/003_underexposed,bad/003,1,underexposed,dev
test_public/bad/004_overexposed,bad/004,1,overexposed,dev
test_public/bad/004_regular,bad/004,1,regular,dev
test_public/bad/004_shift_1,bad/004,1,shift_1,dev
test_public/bad/004_shift_2,bad/004,1,shift_2,dev
test_public/bad/004_shift_3,bad/004,1,shift_3,dev
test_public/bad/004_underexposed,bad/004,1,underexposed,dev
test_public/bad/005_overexposed,bad/005,1,overexposed,dev
test_public/bad/005_regular,bad/005,1,regular,dev
test_public/bad/005_shift_1,bad/005,1,shift_1,dev
test_public/bad/005_shift_2,bad/005,1,shift_2,dev
test_public/bad/005_shift_3,bad/005,1,shift_3,dev
test_public/bad/005_underexposed,bad/005,1,underexposed,dev
test_public/bad/006_overexposed,bad/006,1,overexposed,lock
test_public/bad/006_regular,bad/006,1,regular,lock
test_public/bad/006_shift_1,bad/006,1,shift_1,lock
test_public/bad/006_shift_2,bad/006,1,shift_2,lock
test_public/bad/006_shift_3,bad/006,1,shift_3,lock
test_public/bad/006_underexposed,bad/006,1,underexposed,lock
test_public/bad/007_overexposed,bad/007,1,overexposed,dev
test_public/bad/007_regular,bad/007,1,regular,dev
test_public/bad/007_shift_1,bad/007,1,shift_1,dev
test_public/bad/007_shift_2,bad/007,1,shift_2,dev
test_public/bad/007_shift_3,bad/007,1,shift_3,dev
test_public/bad/007_underexposed,bad/007,1,underexposed,dev
test_public/bad/008_overexposed,bad/008,1,overexposed,lock
test_public/bad/008_regular,bad/008,1,regular,lock
test_public/bad/008_shift_1,bad/008,1,shift_1,lock
test_public/bad/008_shift_2,bad/008,1,shift_2,lock
test_public/bad/008_shift_3,bad/008,1,shift_3,lock
test_public/bad/008_underexposed,bad/008,1,underexposed,lock
test_public/bad/009_overexposed,bad/009,1,overexposed,lock
test_public/bad/009_regular,bad/009,1,regular,lock
test_public/bad/009_shift_1,bad/009,1,shift_1,lock
test_public/bad/009_shift_2,bad/009,1,shift_2,lock
test_public/bad/009_shift_3,bad/009,1,shift_3,lock
test_public/bad/009_underexposed,bad/009,1,underexposed,lock
test_public/bad/010_overexposed,bad/010,1,overexposed,dev
test_public/bad/010_regular,bad/010,1,regular,dev
test_public/bad/010_shift_1,bad/010,1,shift_1,dev
test_public/bad/010_shift_2,bad/010,1,shift_2,dev
test_public/bad/010_shift_3,bad/010,1,shift_3,dev
test_public/bad/010_underexposed,bad/010,1,underexposed,dev
test_public/bad/011_overexposed,bad/011,1,overexposed,lock
test_public/bad/011_regular,bad/011,1,regular,lock
test_public/bad/011_shift_1,bad/011,1,shift_1,lock
test_public/bad/011_shift_2,bad/011,1,shift_2,lock
test_public/bad/011_shift_3,bad/011,1,shift_3,lock
test_public/bad/011_underexposed,bad/011,1,underexposed,lock
test_public/bad/012_overexposed,bad/012,1,overexposed,dev
test_public/bad/012_regular,bad/012,1,regular,dev
test_public/bad/012_shift_1,bad/012,1,shift_1,dev
test_public/bad/012_shift_2,bad/012,1,shift_2,dev
test_public/bad/012_shift_3,bad/012,1,shift_3,dev
test_public/bad/012_underexposed,bad/012,1,underexposed,dev
test_public/bad/013_overexposed,bad/013,1,overexposed,lock
test_public/bad/013_regular,bad/013,1,regular,lock
test_public/bad/013_shift_1,bad/013,1,shift_1,lock
test_public/bad/013_shift_2,bad/013,1,shift_2,lock
test_public/bad/013_shift_3,bad/013,1,shift_3,lock
test_public/bad/013_underexposed,bad/013,1,underexposed,lock
test_public/bad/014_overexposed,bad/014,1,overexposed,lock
test_public/bad/014_regular,bad/014,1,regular,lock
test_public/bad/014_shift_1,bad/014,1,shift_1,lock
test_public/bad/014_shift_2,bad/014,1,shift_2,lock
test_public/bad/014_shift_3,bad/014,1,shift_3,lock
test_public/bad/014_underexposed,bad/014,1,underexposed,lock
test_public/good/000_overexposed,good/000,0,overexposed,dev
test_public/good/000_regular,good/000,0,regular,dev
test_public/good/000_shift_1,good/000,0,shift_1,dev
test_public/good/000_shift_2,good/000,0,shift_2,dev
test_public/good/000_shift_3,good/000,0,shift_3,dev
test_public/good/000_underexposed,good/000,0,underexposed,dev
test_public/good/001_overexposed,good/001,0,overexposed,lock
test_public/good/001_regular,good/001,0,regular,lock
test_public/good/001_shift_1,good/001,0,shift_1,lock
test_public/good/001_shift_2,good/001,0,shift_2,lock
test_public/good/001_shift_3,good/001,0,shift_3,lock
test_public/good/001_underexposed,good/001,0,underexposed,lock
test_public/good/002_overexposed,good/002,0,overexposed,dev
test_public/good/002_regular,good/002,0,regular,dev
test_public/good/002_shift_1,good/002,0,shift_1,dev
test_public/good/002_shift_2,good/002,0,shift_2,dev
test_public/good/002_shift_3,good/002,0,shift_3,dev
test_public/good/002_underexposed,good/002,0,underexposed,dev
test_public/good/003_overexposed,good/003,0,overexposed,lock
test_public/good/003_regular,good/003,0,regular,lock
test_public/good/003_shift_1,good/003,0,shift_1,lock
test_public/good/003_shift_2,good/003,0,shift_2,lock
test_public/good/003_shift_3,good/003,0,shift_3,lock
test_public/good/003_underexposed,good/003,0,underexposed,lock
